{
  "id": "53a5ef47-33fa-4d91-9fa4-8837d68b96ec",
  "name": "class",
  "isOverridable": true,
  "entries": [
    {
      "value": "top",
      "synonyms": [
        "top",
        "T-shirt"
      ]
    },
    {
      "value": "bottom",
      "synonyms": [
        "bottom",
        "pant"
      ]
    },
    {
      "value": "set",
      "synonyms": [
        "set",
        "dress"
      ]
    },
    {
      "value": "other",
      "synonyms": [
        "other"
      ]
    },
    {
      "value": "accessories",
      "synonyms": [
        "accessories",
        "sunglasses"
      ]
    }
  ],
  "isEnum": false,
  "automatedExpansion": false
}