{
  "id": "792939d5-9b1e-4cd9-bd92-412b98cfac4e",
  "name": "country",
  "isOverridable": true,
  "entries": [
    {
      "value": "China",
      "synonyms": [
        "China"
      ]
    },
    {
      "value": "Bangladesh",
      "synonyms": [
        "Bangladesh"
      ]
    },
    {
      "value": "India",
      "synonyms": [
        "India"
      ]
    },
    {
      "value": "Cambodia",
      "synonyms": [
        "Cambodia"
      ]
    },
    {
      "value": "Guatemala",
      "synonyms": [
        "Guatemala"
      ]
    },
    {
      "value": "Haiti",
      "synonyms": [
        "Haiti"
      ]
    },
    {
      "value": "Indonesia",
      "synonyms": [
        "Indonesia"
      ]
    },
    {
      "value": "Jorgan",
      "synonyms": [
        "Jorgan"
      ]
    },
    {
      "value": "Kenya",
      "synonyms": [
        "Kenya"
      ]
    },
    {
      "value": "Korea",
      "synonyms": [
        "Korea"
      ]
    },
    {
      "value": "Lesotho",
      "synonyms": [
        "Lesotho"
      ]
    },
    {
      "value": "Sri Lanka",
      "synonyms": [
        "Sri Lanka"
      ]
    },
    {
      "value": "Lesotho",
      "synonyms": [
        "Lesotho"
      ]
    },
    {
      "value": "Malaysia",
      "synonyms": [
        "Malaysia"
      ]
    },
    {
      "value": "Nicaragua",
      "synonyms": [
        "Nicaragua"
      ]
    },
    {
      "value": "Philippines",
      "synonyms": [
        "Philippines"
      ]
    },
    {
      "value": "El Salvador",
      "synonyms": [
        "El Salvador"
      ]
    },
    {
      "value": "Taiwan",
      "synonyms": [
        "Taiwan"
      ]
    },
    {
      "value": "Thailand",
      "synonyms": [
        "Thailand"
      ]
    },
    {
      "value": "Vietnam",
      "synonyms": [
        "Vietnam"
      ]
    },
    {
      "value": "US",
      "synonyms": [
        "US"
      ]
    }
  ],
  "isEnum": true,
  "automatedExpansion": false
}